[
    {
        "question": "Saint SPRIT EST IL VRAIMENT SAINT ?",
        "nbpoints": "1222000",
        "typeReponse": "rsimple",
        "nbreponses": "1",
        "reponses": [
            "Oui",
            "Non"
        ],
        "IndexRepValides": "1"
    },
    {
        "question": "IL parait que Saint Sprit est :",
        "nbpoints": "2000000",
        "typeReponse": "rmult",
        "nbreponses": "3",
        "reponses": [
            "bon",
            "con",
            "fou",
            "wayadi"
        ],
        "IndexRepValides": [
            "0",
            "1",
            "3"
        ]
    },
    {
        "question": "Ou Habite Saint Sprit ?",
        "nbpoints": "10000000",
        "typeReponse": "rtexte",
        "ReponseTexte": "Popenghine"
    }
]